framework,variant,h1,h2,test_accuracy,robust_accuracy,train_time_sec,params,lr,label_smoothing,weight_decay,epochs,batch_size,efficiency_score
MyTorch,MyTorch Optimized (Lightweight),112,56,0.9833333333333333,0.9666666666666667,1.6318041000004087,14178,0.001,0.1,0.0001,90,64,0.9493032459152737
PyTorch,PyTorch Reference 128-64,128,64,0.9888888597488403,0.9583333134651184,3.03803280000011,17226,0.001,0.1,0.0001,90,64,0.9378494665830006
PyTorch,PyTorch Matched 112-56,112,56,0.9888888597488403,0.9611111283302307,2.9530758999999307,14178,0.001,0.1,0.0001,90,64,0.9393207207811373
