framework,variant,h1,h2,test_accuracy,robust_accuracy,train_time_sec,params,lr,label_smoothing,weight_decay,epochs,batch_size,efficiency_score
MyTorch,MyTorch h112-56,112,56,0.9833333333333333,0.9666666666666667,1.6318041000004087,14178,0.001,0.1,0.0001,90,64,0.9493032459152737
MyTorch,MyTorch h96-48,96,48,0.9805555555555555,0.9666666666666667,1.542902299999696,11386,0.001,0.1,0.0001,90,64,0.948389706893532
MyTorch,MyTorch h80-40,80,40,0.975,0.9583333333333334,1.2402642999995805,8850,0.001,0.1,0.0001,90,64,0.9458021845006662
MyTorch,MyTorch h128-64,128,64,0.9777777777777777,0.9583333333333334,1.6832119000000603,17226,0.001,0.1,0.0001,90,64,0.942334008032045
MyTorch,MyTorch h144-72,144,72,0.9722222222222222,0.9638888888888889,1.7646736999995483,20530,0.001,0.1,0.0001,90,64,0.9296243892896696
