framework,variant,h1,h2,test_accuracy,robust_accuracy,train_time_sec,params,efficiency_score,seeds_used
MyTorch,MyTorch Optimized (Second Pass),96,48,0.9814814814814814,0.9583333333333334,2.078241733333319,11386,0.9408062799916761,3
PyTorch,PyTorch Reference 128-64,128,64,0.9879629413286845,0.9574074149131775,4.894290599999901,17226,0.9255767577797103,3
PyTorch,PyTorch Matched 96-48,96,48,0.9842592676480612,0.9592592716217041,4.43833636666659,11386,0.925955072865776,3
